<?xml version='1.0' encoding='utf-8' standalone='yes' ?>
<map>
    <long name="first_open_time" value="1758615876922" />
    <boolean name="has_been_opened" value="true" />
    <string name="health_monitor:value">2EC136000:Uploading is not possible. App measurement disabled</string>
    <boolean name="app_backgrounded" value="true" />
    <long name="session_id" value="1758615879" />
    <boolean name="allow_remote_dynamite" value="true" />
    <long name="health_monitor:start" value="1758615877354" />
    <boolean name="use_service" value="true" />
    <long name="last_pause_time" value="1758615916402" />
    <long name="health_monitor:count" value="1" />
    <boolean name="start_new_session" value="false" />
</map>
