<?xml version='1.0' encoding='utf-8' standalone='yes' ?>
<map>
    <string name="tls_version_min_override">default</string>
    <boolean name="autostart_finish_on_connect" value="true" />
    <boolean name="cert_profile_insecure" value="true" />
    <string name="Rk/f1RkAnfadJFon">o5VmRjKdXbPsXxHu</string>
    <boolean name="auto_keyboard" value="true" />
    <string name="URr8byYqap5vATpA">o5VmRjKdXbPsXxHu</string>
    <string name="pwdv1.settings.entropy">kB5gKf9ZHvaQN7m9e5f+xg==</string>
    <string name="ipv6">default</string>
    <string name="fwpIc6ldctTD8WhyMKDJ4cW31TY/64z0NuYk1A==">nmIaGU4BO8curstlCqPArrLR/uOEZdlbj/UOR6eEeUQ=</string>
    <string name="nDuc3riXQauERXy0PXlkrg2KhhekOiIsa7AtQrQDa+8=">4eW3ixx8F1k=</string>
    <string name="6D3g9RJ/hf1J6xMmzTetWg==">a/7ORuMbdmMSqV46sgaBAw==</string>
    <string name="conn_timeout">60</string>
    <boolean name="ui_dark_theme" value="false" />
    <string name="UB4e9MwVKR1Q86kjzeQlTZjsrkfhno2RYyo7NQ==">4eW3ixx8F1k=</string>
    <string name="vpn_proto">adaptive</string>
    <string name="profile">test.ovpn</string>
    <string name="yZuE7gvVxPgrKCR2">iP6TWEd6Wn4=</string>
    <string name="d2WgUS3nBVQH2jcQ">e7ip3deAAHQ=</string>
    <string name="compression_mode">yes</string>
    <boolean name="bg_startup_tracing" value="false" />
    <string name="VMbzC7UdBaCJB3BK">M0OVqqYr9vgZZVxLWTdTJfjyphtvirJL</string>
    <string name="xcleCxDVUJZV53CmKFNz7clvnt1pzBut">/arxRuH974SrYK+/FWBi0KFs9npdi5YK</string>
    <string name="h8KEeUO4l/GpdCOc">o1vVPY1Kebw=</string>
    <string name="QVRfqfaP+riKsIY9foBYBsZ9o1g=">r99b950z5viUEE6GoiKoNloKxsEKmGQoSjtRAg==</string>
    <boolean name="google_dns_fallback" value="true" />
</map>
